{"coin":"2X2","coin_market":"2X2/USDT","available":10000000,"limit":120000,"step_price":5e-8,"min_price":1.8e-7,"max_price":8e-7,"profit":1.38,"pad_diff":1000000000,"gridBuy":[6e-7,6.5e-7,8e-7,9e-7,8.5e-7,0.0000012,0.000001,0.00000105,0.0000013,0.00000115,0.0000014,0.00000145,0.00000135,9.5e-7,7e-7,0.0000011,0.00000125,7.5e-7,4.5e-7],"gridSell":[6.21e-7,5.52e-7],"average_price":4.097607718630191e-7,"total":2965000}