{"coin":"CAKE","coin_market":"CAKE/USDT","available":0,"limit":0.11,"step_price":0.01,"min_price":1.35,"max_price":3.5,"profit":1.15,"pad_diff":100,"gridBuy":[2.41,2.43,2.42,2.34,2.33,2.35,2.39,2.38,2.4,2.52,2.5,2.49,2.54,2.36,2.37],"gridSell":[3.276,3.12,3.11,3.21,3.13,3.15],"average_price":2.461106945692152,"total":3.6799999999999984,"max_coins":10}