{"coin":"DOT","coin_market":"DOT/USDT","available":0,"limit":0.025,"step_price":0.01,"min_price":3.333,"max_price":7.888,"profit":1.12,"pad_diff":1000,"gridBuy":[7.64,7.41,6.92,6.95,6.96,7,7.08,7.1,7.19,7.2,7.21,7.15,7.14,7.11,7.09,7.12,7.01,6.98,7.16,6.93,7.05,7.31,7.37,7.32,7.5,7.59,7.58,7.57,7.54,7.49,7.52,7.55,7.51,7.48,7.42,7.44,7.4,7.43,7.39,7.38,7.36,7.33,7.56,7.7,7.53,7.47,7.28,7.29,7.27,7.3,7.25,7.26,7.17,7.18,7.03,6.94,6.97,7.04,7.06,7.02,7.13,6.9,6.82,6.85,6.83,6.86,6.77,6.56,6.53,6.5,6.52,6.49],"gridSell":[8.556,8.299,7.75,7.784,7.795,7.84,7.929,7.952,8.052,8.064,8.075,8.008,7.996,7.963,7.94,7.974,7.851,7.817,8.019,7.761,7.896,8.187,8.254,8.198,8.4,8.5,8.489,8.478,8.444,8.388,8.422,8.456,8.411,8.377,8.31,8.332,8.288,8.321,8.276,8.265,8.243,8.209,8.467,8.624,9.711,9.1,9.112,9.087,9.125,9.062,9.075,8.962,8.975,8.787,8.675,8.712,8.8,8.825,8.806,8.957,9.001,8.879,8.91,8.918,8.925,8.814,8.529,8.516,8.489,8.477,8.438],"average_price":6.532790018150719,"total":6.116000000000011,"max_coins":10}