{"coin":"GOLD","coin_market":"GOLD/USDT","available":0,"limit":0.22,"step_price":0.00025,"min_price":0.015,"max_price":0.9,"profit":1.18,"pad_diff":100000,"gridBuy":[0.899,0.8985,0.84275,0.58175,0.5895,0.5915,0.5155,0.5205,0.51625,0.557,0.41775],"gridSell":[1.06082,1.06023,0.99444,0.68646,0.76635,0.76895,0.64437,0.65062,0.65343,0.70113,0.5431],"average_price":0.4824835838899957,"total":12.8835,"max_coins":10}