{"coin":"LTC","coin_market":"LTC/USDT","available":0,"limit":0.008,"step_price":0.25,"min_price":0,"max_price":100,"profit":1.35,"pad_diff":10000,"gridBuy":[72,71.75,72.25,72.5,73.25,73,73.5,74.25,72.75,73.75,74,74.5,74.75,75.5,76,76.25,76.75,77,77.5,77.75,78,78.25,78.5,79.25,71.5,71,71.25,70.5,70.75,70,69.25,69,68.75,68.5],"gridSell":[97.2,96.8625,97.5375,97.875,98.8875,98.55,99.225,100.2375,98.2125,99.5625,99.9,100.575,100.9125,101.925,102.6,102.9375,103.6125,103.95,104.625,104.9625,105.3,105.6375,105.975,96.525,95.85,96.1875,95.175,88.4375,91.0855,89.9836,89.679,89.7702,89.4316],"average_price":69.16317661790774,"total":0.24170000000000014,"max_coins":10}