{"coin":"NEXA","coin_market":"NEXA/USDT","available":25000,"limit":5000,"step_price":5e-7,"min_price":0.0000095,"max_price":0.000025,"profit":1.18,"pad_diff":100000000,"gridBuy":[0.000014,0.0000135,0.000013,0.000015,0.0000155,0.0000145,0.0000125,0.000012,0.0000115],"gridSell":[0.00001475,0.00001416,0.00001357],"average_price":0.000011666458463610337,"total":133000}