{"coin":"NOVO","coin_market":"NOVO/USDT","available":200000,"limit":5000,"step_price":5e-7,"min_price":0,"max_price":0.0001,"profit":1.38,"pad_diff":100000000,"gridBuy":[0.0000035,0.000004,0.0000045,0.000005,0.0000055,0.000007,0.0000065,0.000006,0.0000075,0.000008,0.000003,0.0000025],"gridSell":[0.00000413,0.00000312],"average_price":0.000003360818327636719,"total":169999.999}