{"coin":"PEPE","coin_market":"PEPE/USDT","available":0,"limit":110000,"step_price":2.5e-8,"min_price":9.87e-7,"max_price":0.00000228,"profit":1.18,"pad_diff":1000000000,"gridBuy":[0.000001525,0.00000155,0.00000175,0.00000165,0.0000015,0.0000016,0.00000145,0.0000014,0.000001325,0.0000013,0.000001175,0.0000012,0.00000115],"gridSell":[0.000001829,0.000002275,0.000002145,0.00000195,0.00000208,0.000001812,0.00000175,0.000001662,0.00000168,0.000001471,0.000001501,0.000001496],"average_price":0.000001196505669907495,"total":3469273.4499999997,"max_coins":10}