{"coin":"RVN","coin_market":"RVN/USDT","available":0,"limit":5,"step_price":0.0005,"min_price":0.015,"max_price":0.08,"profit":1.18,"pad_diff":1000000,"gridBuy":[0.0215,0.022,0.0225,0.021,0.023,0.024,0.0205],"gridSell":[0.02537,0.02596,0.02655,0.02478,0.02714,0.02832,0.02419],"average_price":0.021863953125000002,"total":35}