{"coin":"TAFT","coin_market":"TAFT/USDT","available":0,"limit":3000,"step_price":0.00001,"min_price":0.00001,"max_price":0.000325,"profit":1.2,"pad_diff":100000000,"gridBuy":[0.00024,0.00027,0.00026,0.00022,0.00023,0.0002,0.00017,0.00016,0.00013,0.00014,0.00015],"gridSell":[0.000575,0.0005875,0.0006125,0.00063125,0.0006375,0.000675,0.0006625,0.0004375,0.000425,0.0004125,0.0004,0.0003875,0.00039812,0.00038937,0.00037937,0.00038,0.00034375,0.00033187,0.000335,0.0003425,0.00034312,0.00034687,0.000375,0.00039375,0.00039687,0.00041875,0.00040625,0.0003875,0.00039375,0.0003625,0.0003375,0.00036875,0.00033125,0.00034375,0.000276,0.000288,0.000324,0.000312,0.000264,0.000276,0.00026,0.0002125,0.0002,0.0001625,0.00017842,0.00018976],"average_price":0.00015061193884609487,"total":342058.543}