{"coin":"TRX","coin_market":"TRX/USDT","available":0,"limit":3.5,"step_price":0.00025,"min_price":0.08,"max_price":0.15,"profit":1.38,"pad_diff":100000,"gridBuy":[0.10225,0.10325,0.1045,0.104,0.10425,0.10475,0.105,0.1055,0.10625,0.10575,0.106,0.10525,0.10175,0.1015,0.10125,0.102,0.1025,0.10275,0.103,0.09975,0.099,0.09875,0.09825,0.0985],"gridSell":[0.14248,0.14282,0.14317,0.14213,0.14179,0.14144,0.14351,0.14489,0.14455,0.14627,0.14524,0.1442,0.14558,0.14386,0.14662,0.14593,0.14765,0.14903,0.148,0.1411,0.14248,0.1442,0.14351,0.14386,0.14455,0.14489,0.14558,0.14662,0.14593,0.14627,0.13156,0.12718,0.12687,0.12656,0.1275,0.12812,0.12901,0.12875,0.1297,0.1288,0.12829,0.12829,0.12862],"average_price":0.0992017316152112,"total":180.62799999999996,"max_coins":10}