{"coin":"VET","coin_market":"VET/USDT","available":0,"limit":5,"step_price":0.0001,"min_price":0.01,"max_price":0.058,"profit":1.18,"pad_diff":1000000,"gridBuy":[0.0301,0.0299,0.0302,0.0298,0.0293,0.0292,0.0289,0.0291,0.0294,0.03,0.031,0.0311,0.0309,0.0312,0.0295,0.0297,0.0271,0.0272,0.0275,0.0278],"gridSell":[0.03913,0.03887,0.03926,0.03725,0.036625,0.0365,0.036125,0.036375,0.03675,0.037501,0.038715,0.038877,0.038802,0.039216,0.037062,0.037275,0.035482,0.035404,0.035718,0.03611],"average_price":0.027804584327247618,"total":162.79599999999996,"max_coins":10}