{"coin":"XLA","coin_market":"XLA/USDT","available":0,"limit":1000,"step_price":0.000005,"min_price":0.000015,"max_price":0.00015,"profit":1.28,"pad_diff":100000000,"gridBuy":[0.000075,0.00008],"gridSell":[0.00009442,0.00010017],"average_price":0.00007799568,"total":6458.332}