{"coin":"XLM","coin_market":"XLM/USDT","available":0,"limit":2.5,"step_price":0.001,"min_price":0,"max_price":0.16,"profit":1.18,"pad_diff":100000,"gridBuy":[0.119,0.12,0.121,0.122,0.124,0.125,0.123,0.126,0.127,0.128,0.13,0.131,0.137,0.136,0.135,0.134,0.118],"gridSell":[0.14514,0.14868,0.14986,0.15104,0.1534,0.15458,0.16048,0.1593,0.15812],"average_price":0.12681846665799024,"total":47.38999999999999,"max_coins":10}