{"coin":"ADA","coin_market":"ADA/USDT","available":0,"limit":0.6,"step_price":0.001,"min_price":0.25,"max_price":0.7,"profit":1.18,"pad_diff":100000,"gridBuy":[0.59,0.585,0.592,0.588,0.58,0.575,0.577,0.582,0.622,0.625,0.636,0.65,0.66,0.637,0.639,0.638,0.642,0.64,0.635,0.647,0.643,0.623,0.627,0.624,0.629,0.617,0.606,0.603,0.602,0.604,0.593,0.595,0.6,0.61,0.608,0.609,0.613,0.614,0.612,0.616,0.611,0.605,0.601,0.594,0.598,0.597,0.583,0.554,0.555,0.559,0.557,0.556,0.558],"gridSell":[0.6962,0.6903,0.69856,0.69384,0.6844,0.6785,0.68086,0.68676,0.7375,0.75048,0.767,0.7788,0.75166,0.75284,0.75756,0.7552,0.8255,0.80875,0.80375,0.77875,0.78375,0.78,0.78625,0.77125,0.7575,0.75375,0.7525,0.755,0.74125,0.74375,0.75,0.75933,0.76277,0.76277,0.7674,0.76828,0.76728,0.7697,0.76577,0.75613,0.75566,0.74286,0.75012,0.7787,0.75797,0.72368,0.72686,0.72563,0.72837,0.72556],"average_price":0.5602565003410448,"total":115.92599999999987,"max_coins":10}