{"coin":"AVN","coin_market":"AVN/USDT","available":0,"limit":500,"step_price":0.000005,"min_price":0.00008,"max_price":0.0003,"profit":1.28,"pad_diff":10000000,"gridBuy":[0.000165,0.00016,0.00015,0.000145,0.000135],"gridSell":[0.0002432,0.000224,0.0002176,0.0002112,0.0002304,0.0002368,0.0002087,0.0002,0.0001887,0.0001833,0.0001761],"average_price":0.00014363448587978325,"total":140949.9373,"max_coins":10}