{"coin":"DOGE","coin_market":"DOGE/USDT","available":0,"limit":3.5,"step_price":0.0008,"min_price":0.0625,"max_price":0.11,"profit":1.1,"pad_diff":100000,"gridBuy":[0.0952,0.096,0.0968,0.0976,0.0992,0.0984,0.1,0.104,0.1024,0.1056,0.1048,0.1016,0.1032,0.1008,0.0944,0.0936,0.0928,0.092,0.0912,0.0904,0.0896,0.0888,0.088],"gridSell":[0.10472,0.1056,0.10648,0.10736,0.10912,0.10824,0.11,0.1144,0.11264,0.11616,0.11528,0.11176,0.11352,0.11088,0.10384,0.10296,0.10208,0.1012,0.10032,0.09944,0.11602,0.11576,0.11471],"average_price":0.0891282456781688,"total":212.256,"max_coins":10}