{"coin":"EOS","coin_market":"EOS/USDT","available":0,"limit":0.25,"step_price":0.0055,"min_price":0.05,"max_price":1,"profit":1.18,"pad_diff":10000,"gridBuy":[0.7315,0.7425,0.748,0.7645,0.7535,0.77,0.7865,0.8415,0.836,0.7755,0.792,0.781,0.759,0.803,0.8085,0.8195,0.825,0.7975],"gridSell":[0.8826,0.9021,0.8891,0.9086,0.928,0.9929,0.9864,0.915,0.99,0.9762,0.9487,1.0042,1.0151,1.0268,1.0318,1.0418],"average_price":0.8114536435523987,"total":4.8919999999999995,"max_coins":10}