{"coin":"FTM","coin_market":"FTM/USDT","available":0,"limit":0.25,"step_price":0.005,"min_price":0,"max_price":2,"profit":1.1,"pad_diff":10000,"gridBuy":[0.415,0.41,0.435,0.425,0.42,0.43,0.45,0.44,0.395,0.4,0.39,0.385],"gridSell":[0.4565,0.4785,0.5525,0.546,0.5375,0.5625,0.5492,0.5158,0.5211,0.5079,0.5028],"average_price":0.3942158229072087,"total":18.630000000000003,"max_coins":10}