{"coin":"GPRX","coin_market":"GPRX/USDT","available":0,"limit":500,"step_price":0.00005,"min_price":0.000265,"max_price":0.00095,"profit":1.28,"pad_diff":1000000,"gridBuy":[0.0008,0.00085,0.0009,0.00075,0.0007],"gridSell":[0.000896],"average_price":0.0006482081158735156,"total":7245}