{"coin":"IOTX","coin_market":"IOTX/USDT","available":0,"limit":10,"step_price":0.0001,"min_price":0.02,"max_price":0.08,"profit":1.18,"pad_diff":1000000,"gridBuy":[0.0542,0.0396],"gridSell":[0.060829,0.076818,0.059,0.058337,0.059323,0.07515,0.056396],"average_price":0.04775077630856323,"total":181.47010000000003,"max_coins":10}