{"coin":"MATIC","coin_market":"MATIC/USDT","available":0,"limit":0.25,"step_price":0.0025,"min_price":0.5,"max_price":1.1,"profit":1.18,"pad_diff":10000,"gridBuy":[0.8025,0.81,0.8075,0.8125,0.8175,0.82,0.815,0.8225,0.8275,0.8325,0.83,0.84,0.835,0.8375,0.8425,0.825,0.85,0.8475,0.845,0.855,0.8525,0.8625,0.865,0.8575,0.8725,0.88,0.8825,0.8775,0.8975,0.9,0.86,0.8675,0.87,0.885,0.8875,0.8925,0.895,0.875,0.89,0.7775,0.78,0.7725,0.77],"gridSell":[0.9469,0.9558,0.9528,0.9587,0.9646,0.9676,0.9617,0.9705,0.9764,0.9823,0.9794,0.9912,0.9853,0.9882,0.9941,0.9735,1.003,1,0.9971,1.0089,1.0059,1.0177,1.0207,1.0118,1.0295,1.0384,1.0413,1.0354,1.0148,1.0236,1.0266,1.0443,1.0472,1.0531,1.0561,1.0325,1.0502,1.0141,1.0143,1.008],"average_price":0.7838695875775374,"total":11.030000000000001,"max_coins":10}