{"coin":"MAXE","coin_market":"MAXE/USDT","available":200,"limit":15,"step_price":0.0002,"min_price":0.0002,"max_price":0.0125,"profit":1.28,"pad_diff":10000000,"gridBuy":[0.0094,0.0092,0.009,0.0104,0.0102,0.01,0.0098,0.0096,0.0086,0.0088,0.007,0.0072,0.0074,0.008,0.0078,0.0082,0.0084,0.0068,0.0062,0.0066,0.0064,0.0076,0.0052,0.005,0.0056,0.006,0.0054,0.0058,0.0048,0.0044,0.0042,0.004],"gridSell":[0.007168,0.00768,0.006912,0.007424,0.006144,0.005632,0.005376,0.00512],"average_price":0.004172683268073256,"total":750}