{"coin":"PEPEW","coin_market":"PEPEW/USDT","available":0,"limit":3500,"step_price":5e-7,"min_price":0.000012,"max_price":0.000078,"profit":1.28,"pad_diff":1000000000,"gridBuy":[0.0000615,0.0000645,0.0000655,0.000066,0.000055,0.0000595,0.000063,0.000059,0.000052,0.000053,0.00005,0.0000505,0.000046,0.0000535,0.000051,0.0000495,0.000048,0.000047,0.0000475,0.000054,0.000044,0.0000435,0.0000515,0.000038,0.000035,0.000037,0.000036,0.0000345,0.0000365,0.0000415,0.0000385,0.0000375,0.0000315,0.0000325,0.000033,0.000032,0.0000335,0.0000285,0.000029,0.00003,0.000031,0.000027,0.000028],"gridSell":[0.00007872,0.00008256,0.00008384,0.00008448,0.00007616,0.00008064,0.00006656,0.00006784,0.000064,0.00006464,0.00005888,0.00006848,0.00006528,0.00006336,0.00006144,0.00006016,0.0000608,0.00006912,0.00005632,0.00005568,0.00006592,0.0000494,0.0000455,0.0000481,0.0000468,0.000043125,0.000045625,0.000051875,0.000048238,0.000046986,0.000039535,0.000041127,0.00004153,0.00003871,0.000041983,0.000038282,0.000038797,0.000035326,0.000036658],"average_price":0.00002861174059386857,"total":692297.3300000001,"max_coins":10}