{"coin":"PHP","coin_market":"PHP/USDT","available":0,"limit":40,"step_price":0.00005,"min_price":0.0005,"max_price":0.006,"profit":1.28,"pad_diff":1000000,"gridBuy":[0.0023],"gridSell":[0.002944],"average_price":0.0014636280783691406,"total":1063.518}