{"coin":"SHIB","coin_market":"SHIB/USDT","available":0,"limit":25000,"step_price":2.5e-7,"min_price":0.0000025,"max_price":0.00002,"profit":1.28,"pad_diff":100000000,"gridBuy":[0.00000925,0.000009,0.0000095,0.00001025,0.00000975,0.00001,0.0000105,0.00001125,0.00001075],"gridSell":[0.00001184,0.00001152,0.00001216,0.00001312,0.00001248,0.0000128,0.00001344,0.00001405,0.00001351],"average_price":0.000010782394319000244,"total":570477}