{"coin":"TCC","coin_market":"TCC/USDT","available":50000,"limit":200,"step_price":0.00002,"min_price":0.00018,"max_price":0.0008,"profit":1.28,"pad_diff":10000000,"gridBuy":[0.00066,0.00042],"gridSell":[0.0008253,0.0005469],"average_price":0.00045580484399390057,"total":13933.5077}