{"coin":"XGU","coin_market":"XGU/USDT","available":30,"limit":30,"step_price":0.00005,"min_price":0,"max_price":0.008,"profit":1.28,"pad_diff":100000000,"gridBuy":[0.0056,0.006,0.0061,0.0058,0.0057,0.00505,0.0049,0.0055,0.0047,0.004,0.0038,0.0042,0.00455,0.00365,0.00435,0.0037,0.003,0.00295,0.00255,0.00225,0.0023,0.0022,0.002,0.0019,0.0018],"gridSell":[0.007168,0.00768,0.007808,0.007424,0.007296,0.006464,0.006272,0.00704,0.006016,0.00512,0.004864,0.005376,0.005824,0.004672,0.005568,0.004736,0.00384,0.003776,0.003264,0.00288,0.002944,0.002816,0.00256,0.00247,0.00234],"average_price":0.002106723199461546,"total":1200.466}