{"coin":"XPE","coin_market":"XPE/USDT","available":0,"limit":0.6,"step_price":0.01,"min_price":0,"max_price":1.5,"profit":1.5,"pad_diff":100000,"gridBuy":[0.59,0.6,0.58,0.57,0.56,0.55,0.54,0.51,0.5,0.48,0.49,0.52,0.53,0.42,0.43,0.4,0.41,0.36,0.33,0.35,0.39,0.44,0.45,0.46,0.47,0.37,0.38,0.31,0.3,0.29],"gridSell":[0.885,0.9,0.87,0.855,0.84,0.825,0.81,0.765,0.75,0.72,0.735,0.78,0.795,0.63,0.645,0.6,0.615,0.54,0.495,0.525,0.585,0.66,0.675,0.69,0.705,0.4625,0.475,0.41142,0.39481,0.38649],"average_price":0.3144556125993808,"total":16.6347,"max_coins":10}