{"coin":"XRP","coin_market":"XRP/USDT","available":0,"limit":0.6,"step_price":0.001,"min_price":0.35,"max_price":0.85,"profit":1.18,"pad_diff":100000,"gridBuy":[0.619,0.617,0.623,0.6235,0.624,0.622,0.6215,0.6225,0.6205,0.62,0.6195,0.6145,0.618,0.615,0.625,0.626,0.629,0.621,0.616,0.614,0.61,0.612,0.613,0.611,0.609,0.627,0.637,0.63,0.628,0.64,0.641,0.638,0.634,0.633,0.632,0.639,0.642,0.645,0.643,0.647,0.631,0.635,0.636,0.646,0.648,0.644,0.653,0.651,0.649,0.65,0.654,0.661,0.693,0.694,0.692,0.675,0.685,0.608,0.606,0.605,0.607,0.603,0.6,0.599,0.595,0.587,0.589,0.586,0.588,0.59],"gridSell":[0.72924,0.7257,0.7375,0.73868,0.74222,0.73278,0.72688,0.72452,0.7198,0.72216,0.72334,0.72098,0.71862,0.73986,0.75166,0.7434,0.74104,0.7552,0.75638,0.75284,0.74812,0.74694,0.74576,0.75402,0.75756,0.7611,0.75874,0.76346,0.74458,0.7493,0.75048,0.76228,0.76464,0.75992,0.77054,0.76818,0.76582,0.767,0.77172,0.77998,0.81774,0.81892,0.81656,0.7965,0.8083,0.71744,0.71508,0.7139,0.71626,0.71154,0.78286,0.77738,0.774,0.7658,0.76655,0.7645,0.76484,0.7671],"average_price":0.590775297504664,"total":40.90360000000005,"max_coins":10}